id,first_name,last_name,email,username
1,Peria,Cowey,pcowey0@google.it,pcowey0
2,Bruno,Palek,bpalek1@loc.gov,bpalek1
3,Tiebold,Reynish,treynish2@archive.org,treynish2
4,Gina,Bixley,gbixley3@pcworld.com,gbixley3
5,Dorothy,Crowth,dcrowth4@meetup.com,dcrowth4
6,Corny,Sparkwell,csparkwell5@yahoo.co.jp,csparkwell5
7,Goldi,Toppes,gtoppes6@ihg.com,gtoppes6
8,Dolorita,Huikerby,dhuikerby7@comsenz.com,dhuikerby7
9,Ives,Reitenbach,ireitenbach8@ask.com,ireitenbach8
10,Cynthie,Tittershill,ctittershill9@netscape.com,ctittershill9
11,Angelina,Timmins,atimminsa@wired.com,atimminsa
12,Pierce,Snazle,psnazleb@opensource.org,psnazleb
13,Rois,Royan,rroyanc@youtube.com,rroyanc
14,Merwyn,Rocks,mrocksd@google.de,mrocksd
15,Marilee,Rawle,mrawlee@diigo.com,mrawlee
16,Ethelind,Greenhough,egreenhoughf@twitter.com,egreenhoughf
17,Gunar,Murty,gmurtyg@netvibes.com,gmurtyg
18,Ivar,Lempel,ilempelh@fda.gov,ilempelh
19,Sheryl,Gioani,sgioanii@guardian.co.uk,sgioanii
20,Kayle,Stoak,kstoakj@virginia.edu,kstoakj
21,Brook,Carrel,bcarrelk@diigo.com,bcarrelk
22,Louella,Whatman,lwhatmanl@php.net,lwhatmanl
23,Gusti,Pitkin,gpitkinm@booking.com,gpitkinm
24,Ingaberg,Rannigan,irannigann@tripadvisor.com,irannigann
25,Carmine,Gynni,cgynnio@umich.edu,cgynnio
26,Emmerich,Chadney,echadneyp@yahoo.co.jp,echadneyp
27,Else,Airth,eairthq@miitbeian.gov.cn,eairthq
28,Tybi,Tortoishell,ttortoishellr@aol.com,ttortoishellr
29,Beverly,Fewtrell,bfewtrells@google.ca,bfewtrells
30,Donovan,Trusse,dtrusset@miitbeian.gov.cn,dtrusset
31,Alexander,Hawney,ahawneyu@qq.com,ahawneyu
32,Richard,Janny,rjannyv@huffingtonpost.com,rjannyv
33,Freddie,Vanyushin,fvanyushinw@printfriendly.com,fvanyushinw
34,Noe,Hurford,nhurfordx@yellowbook.com,nhurfordx
35,Dix,Mearns,dmearnsy@webs.com,dmearnsy
36,Amalie,Clifford,acliffordz@howstuffworks.com,acliffordz
37,Zonnya,Grunnill,zgrunnill10@reference.com,zgrunnill10
38,Timmy,Natt,tnatt11@epa.gov,tnatt11
39,Tammie,Thome,tthome12@newyorker.com,tthome12
40,Lucille,Byram,lbyram13@github.com,lbyram13
41,Laura,Kensy,lkensy14@yellowpages.com,lkensy14
42,Roseanna,Shatliffe,rshatliffe15@marketwatch.com,rshatliffe15
43,Chiquita,Winridge,cwinridge16@patch.com,cwinridge16
44,Heath,Pottberry,hpottberry17@ezinearticles.com,hpottberry17
45,Valencia,Burthom,vburthom18@friendfeed.com,vburthom18
46,Garik,Toothill,gtoothill19@prweb.com,gtoothill19
47,Waverly,Mapledoore,wmapledoore1a@gov.uk,wmapledoore1a
48,Pepita,Bellin,pbellin1b@t.co,pbellin1b
49,Suzi,Daveren,sdaveren1c@dailymail.co.uk,sdaveren1c
50,Basia,Felder,bfelder1d@symantec.com,bfelder1d
51,Honey,Vossgen,hvossgen1e@umich.edu,hvossgen1e
52,Cully,Thomason,cthomason1f@sphinn.com,cthomason1f
53,Maxi,Burnsides,mburnsides1g@nhs.uk,mburnsides1g
54,Findlay,Franciotti,ffranciotti1h@forbes.com,ffranciotti1h
55,Anetta,Loreit,aloreit1i@usda.gov,aloreit1i
56,Walton,Dunican,wdunican1j@redcross.org,wdunican1j
57,Alanna,Radoux,aradoux1k@globo.com,aradoux1k
58,Wyatt,Chainey,wchainey1l@bravesites.com,wchainey1l
59,Talia,Jedrzejewski,tjedrzejewski1m@mediafire.com,tjedrzejewski1m
60,Paton,Casero,pcasero1n@dot.gov,pcasero1n
61,Daryle,Dimitru,ddimitru1o@eepurl.com,ddimitru1o
62,Kathlin,Bernardino,kbernardino1p@utexas.edu,kbernardino1p
63,Damien,Hynes,dhynes1q@over-blog.com,dhynes1q
64,Sidney,Middleditch,smiddleditch1r@de.vu,smiddleditch1r
65,Inga,Risborough,irisborough1s@blog.com,irisborough1s
66,Phaidra,Semon,psemon1t@taobao.com,psemon1t
67,Dolf,Scarlin,dscarlin1u@umn.edu,dscarlin1u
68,Arlene,Sothcott,asothcott1v@zdnet.com,asothcott1v
69,Benn,Torbeck,btorbeck1w@mail.ru,btorbeck1w
70,Nerta,Flay,nflay1x@g.co,nflay1x
71,Dacey,Jamme,djamme1y@techcrunch.com,djamme1y
72,Tadeo,Dillicate,tdillicate1z@jimdo.com,tdillicate1z
73,Jessalin,Cohalan,jcohalan20@buzzfeed.com,jcohalan20
74,Dorothee,Strippling,dstrippling21@4shared.com,dstrippling21
75,Lilla,Patemore,lpatemore22@wufoo.com,lpatemore22
76,Oberon,Bretherick,obretherick23@etsy.com,obretherick23
77,Shermy,Winslow,swinslow24@ebay.com,swinslow24
78,Emmet,Bazelle,ebazelle25@wisc.edu,ebazelle25
79,Sacha,Heathcott,sheathcott26@cisco.com,sheathcott26
80,Abel,Bootell,abootell27@google.com.hk,abootell27
81,Janice,Bernholt,jbernholt28@tiny.cc,jbernholt28
82,Avigdor,Tallis,atallis29@webeden.co.uk,atallis29
83,Romonda,Barehead,rbarehead2a@livejournal.com,rbarehead2a
84,Nedda,Morrad,nmorrad2b@tmall.com,nmorrad2b
85,Ryann,Hirschmann,rhirschmann2c@aboutads.info,rhirschmann2c
86,Leupold,Benadette,lbenadette2d@google.com.au,lbenadette2d
87,Damien,Winsome,dwinsome2e@booking.com,dwinsome2e
88,Kristy,Loudyan,kloudyan2f@shareasale.com,kloudyan2f
89,Elli,Broyd,ebroyd2g@dot.gov,ebroyd2g
90,Mignon,Batham,mbatham2h@youtu.be,mbatham2h
91,Rochette,Di Antonio,rdiantonio2i@cmu.edu,rdiantonio2i
92,Josias,Annies,jannies2j@discovery.com,jannies2j
93,Leila,Godspeede,lgodspeede2k@cmu.edu,lgodspeede2k
94,Wilt,Dearsley,wdearsley2l@surveymonkey.com,wdearsley2l
95,Kiah,Apfelmann,kapfelmann2m@nbcnews.com,kapfelmann2m
96,Brice,Jaquemar,bjaquemar2n@posterous.com,bjaquemar2n
97,Raul,Quartley,rquartley2o@statcounter.com,rquartley2o
98,Sarita,Zanni,szanni2p@phpbb.com,szanni2p
99,Minerva,Shortin,mshortin2q@woothemes.com,mshortin2q
100,Eda,Wallbutton,ewallbutton2r@so-net.ne.jp,ewallbutton2r
101,Terence,Trevarthen,ttrevarthen2s@nyu.edu,ttrevarthen2s
102,Clari,Beardwood,cbeardwood2t@example.com,cbeardwood2t
103,Jacquelynn,Tann,jtann2u@nih.gov,jtann2u
104,Ebeneser,Dell Casa,edellcasa2v@sun.com,edellcasa2v
105,Harwell,Mathers,hmathers2w@free.fr,hmathers2w
106,Maire,Parrin,mparrin2x@nps.gov,mparrin2x
107,Glynn,Mc Andrew,gmcandrew2y@marriott.com,gmcandrew2y
108,Gilemette,Harbor,gharbor2z@umn.edu,gharbor2z
109,Archibold,Selvey,aselvey30@hhs.gov,aselvey30
110,Goober,Sommerlin,gsommerlin31@t.co,gsommerlin31
111,Kiley,Fantini,kfantini32@hc360.com,kfantini32
112,Min,Gledhall,mgledhall33@netvibes.com,mgledhall33
113,Roberto,Wackley,rwackley34@intel.com,rwackley34
114,Erhard,Lilley,elilley35@toplist.cz,elilley35
115,Imojean,Putland,iputland36@github.com,iputland36
116,Oswell,D'Ruel,odruel37@buzzfeed.com,odruel37
117,Daisi,Horley,dhorley38@un.org,dhorley38
118,Gibby,Collings,gcollings39@t-online.de,gcollings39
119,Aurel,Antoniutti,aantoniutti3a@shop-pro.jp,aantoniutti3a
120,Marita,Beadman,mbeadman3b@spotify.com,mbeadman3b
121,Albrecht,Roots,aroots3c@posterous.com,aroots3c
122,Rosetta,Huntress,rhuntress3d@deliciousdays.com,rhuntress3d
123,Viv,Sunderland,vsunderland3e@t.co,vsunderland3e
124,Emmalee,Garshore,egarshore3f@bing.com,egarshore3f
125,Cairistiona,Patterson,cpatterson3g@technorati.com,cpatterson3g
126,Jedediah,Vaines,jvaines3h@engadget.com,jvaines3h
127,Zared,Henbury,zhenbury3i@google.nl,zhenbury3i
128,Sigismund,Caen,scaen3j@netscape.com,scaen3j
129,Rosaleen,Crumbleholme,rcrumbleholme3k@reference.com,rcrumbleholme3k
130,Gerty,Maidstone,gmaidstone3l@ibm.com,gmaidstone3l
131,Hendrick,Swadlinge,hswadlinge3m@gravatar.com,hswadlinge3m
132,Guillema,Spyby,gspyby3n@t-online.de,gspyby3n
133,Celinda,Carryer,ccarryer3o@aboutads.info,ccarryer3o
134,Britney,Andreacci,bandreacci3p@mediafire.com,bandreacci3p
135,Marleah,Dinneges,mdinneges3q@infoseek.co.jp,mdinneges3q
136,Kara,MacKibbon,kmackibbon3r@digg.com,kmackibbon3r
137,Sybille,Gibbieson,sgibbieson3s@princeton.edu,sgibbieson3s
138,Jenilee,Pieters,jpieters3t@facebook.com,jpieters3t
139,Romona,Montes,rmontes3u@gnu.org,rmontes3u
140,Phelia,Maccree,pmaccree3v@com.com,pmaccree3v
141,Arabele,Arderne,aarderne3w@sohu.com,aarderne3w
142,Cesare,Karlicek,ckarlicek3x@patch.com,ckarlicek3x
143,Orin,Vedeshkin,ovedeshkin3y@senate.gov,ovedeshkin3y
144,Gregor,Denisovo,gdenisovo3z@scribd.com,gdenisovo3z
145,Sollie,Golling,sgolling40@geocities.jp,sgolling40
146,Janessa,Warlow,jwarlow41@360.cn,jwarlow41
147,Sven,Vallerine,svallerine42@nba.com,svallerine42
148,Bearnard,Forge,bforge43@g.co,bforge43
149,Moreen,Gladbach,mgladbach44@mysql.com,mgladbach44
150,Shelba,Sworn,ssworn45@ox.ac.uk,ssworn45
151,Dwain,Sanper,dsanper46@mysql.com,dsanper46
152,Jaquelyn,Leer,jleer47@4shared.com,jleer47
153,Corbie,Dell,cdell48@si.edu,cdell48
154,Ware,O'Lagene,wolagene49@bluehost.com,wolagene49
155,Jeramie,Hardacre,jhardacre4a@si.edu,jhardacre4a
156,Waiter,Fucher,wfucher4b@t.co,wfucher4b
157,Saidee,Pittock,spittock4c@msu.edu,spittock4c
158,Weidar,Pothecary,wpothecary4d@bravesites.com,wpothecary4d
159,Caroljean,Noye,cnoye4e@si.edu,cnoye4e
160,Martita,Aldridge,maldridge4f@lulu.com,maldridge4f
161,Agretha,Nannizzi,anannizzi4g@scientificamerican.com,anannizzi4g
162,Mellie,Gullan,mgullan4h@issuu.com,mgullan4h
163,Nonah,Dudhill,ndudhill4i@walmart.com,ndudhill4i
164,Appolonia,Tetlow,atetlow4j@archive.org,atetlow4j
165,Heinrik,Geer,hgeer4k@yellowpages.com,hgeer4k
166,Hersch,McChesney,hmcchesney4l@sbwire.com,hmcchesney4l
167,Jourdan,Bartles,jbartles4m@g.co,jbartles4m
168,Darrick,Wellstead,dwellstead4n@vkontakte.ru,dwellstead4n
169,Iorgo,Lissandre,ilissandre4o@cafepress.com,ilissandre4o
170,Cami,Pimm,cpimm4p@ow.ly,cpimm4p
171,Tymon,Labarre,tlabarre4q@msn.com,tlabarre4q
172,Chelsey,Cubin,ccubin4r@telegraph.co.uk,ccubin4r
173,Lurette,Pow,lpow4s@dailymotion.com,lpow4s
174,Morton,Mohammad,mmohammad4t@gravatar.com,mmohammad4t
175,Zola,Barringer,zbarringer4u@typepad.com,zbarringer4u
176,Zenia,Roll,zroll4v@diigo.com,zroll4v
177,Eustacia,Ellerington,eellerington4w@goo.ne.jp,eellerington4w
178,Bary,Goldes,bgoldes4x@uol.com.br,bgoldes4x
179,Diane-marie,Lapwood,dlapwood4y@pen.io,dlapwood4y
180,Isadora,Donnison,idonnison4z@time.com,idonnison4z
181,Laraine,Plumer,lplumer50@addtoany.com,lplumer50
182,Boot,Cavey,bcavey51@webnode.com,bcavey51
183,Ade,Arnell,aarnell52@hubpages.com,aarnell52
184,Domenic,Perview,dperview53@uol.com.br,dperview53
185,Marrissa,Waggatt,mwaggatt54@independent.co.uk,mwaggatt54
186,Amanda,Ladbrook,aladbrook55@scientificamerican.com,aladbrook55
187,Thorin,Sedgeworth,tsedgeworth56@nbcnews.com,tsedgeworth56
188,Rafaellle,Steinson,rsteinson57@wunderground.com,rsteinson57
189,Hyman,Shallcross,hshallcross58@unesco.org,hshallcross58
190,Danella,Carrol,dcarrol59@wikia.com,dcarrol59
191,Mada,Wharlton,mwharlton5a@tuttocitta.it,mwharlton5a
192,Dulcine,Sorby,dsorby5b@furl.net,dsorby5b
193,Devonna,Bog,dbog5c@wikispaces.com,dbog5c
194,Roseline,Keune,rkeune5d@toplist.cz,rkeune5d
195,Bethanne,Gormally,bgormally5e@google.com.hk,bgormally5e
196,Jeno,Ortells,jortells5f@businessweek.com,jortells5f
197,Nikolai,Cantero,ncantero5g@nsw.gov.au,ncantero5g
198,Ruthy,Monument,rmonument5h@intel.com,rmonument5h
199,Josephine,Pevie,jpevie5i@statcounter.com,jpevie5i
200,Luigi,Mooney,lmooney5j@live.com,lmooney5j
201,Luella,Masding,lmasding5k@google.nl,lmasding5k
202,Hasty,Hugnot,hhugnot5l@vistaprint.com,hhugnot5l
203,Davidson,Ventura,dventura5m@kickstarter.com,dventura5m
204,Hephzibah,Garrand,hgarrand5n@live.com,hgarrand5n
205,Redd,Tudge,rtudge5o@uol.com.br,rtudge5o
206,Vanni,Arkin,varkin5p@reverbnation.com,varkin5p
207,Hayward,Treneman,htreneman5q@mapy.cz,htreneman5q
208,Dorian,Rhule,drhule5r@barnesandnoble.com,drhule5r
209,Baxy,Stooke,bstooke5s@cam.ac.uk,bstooke5s
210,Brittaney,Charville,bcharville5t@forbes.com,bcharville5t
211,Maribel,Hedge,mhedge5u@pcworld.com,mhedge5u
212,Piotr,Krimmer,pkrimmer5v@chicagotribune.com,pkrimmer5v
213,Inigo,Janson,ijanson5w@qq.com,ijanson5w
214,Callean,Betz,cbetz5x@t.co,cbetz5x
215,Barbe,Palumbo,bpalumbo5y@home.pl,bpalumbo5y
216,Fitz,Smedley,fsmedley5z@netvibes.com,fsmedley5z
217,Merle,Baudain,mbaudain60@gmpg.org,mbaudain60
218,Lindsy,Eouzan,leouzan61@bloglines.com,leouzan61
219,Victor,Meaddowcroft,vmeaddowcroft62@rediff.com,vmeaddowcroft62
220,Edmon,Souster,esouster63@newsvine.com,esouster63
221,Gardie,Fortye,gfortye64@redcross.org,gfortye64
222,Micaela,Lacaze,mlacaze65@ucoz.ru,mlacaze65
223,Lucky,Happel,lhappel66@vistaprint.com,lhappel66
224,Dela,Dymock,ddymock67@mtv.com,ddymock67
225,Gasper,Skerme,gskerme68@fda.gov,gskerme68
226,Nilson,Fowley,nfowley69@storify.com,nfowley69
227,Waverley,Faivre,wfaivre6a@dedecms.com,wfaivre6a
228,Samson,Hubbucks,shubbucks6b@oracle.com,shubbucks6b
229,Maurits,Daveran,mdaveran6c@twitpic.com,mdaveran6c
230,Cob,Rattrie,crattrie6d@craigslist.org,crattrie6d
231,Decca,Assard,dassard6e@redcross.org,dassard6e
232,Ber,Anand,banand6f@ebay.co.uk,banand6f
233,Farlie,Pistol,fpistol6g@ftc.gov,fpistol6g
234,Lorens,Menpes,lmenpes6h@360.cn,lmenpes6h
235,Tate,Rudiger,trudiger6i@fda.gov,trudiger6i
236,Werner,Hadfield,whadfield6j@virginia.edu,whadfield6j
237,Kathryn,Bartosek,kbartosek6k@tumblr.com,kbartosek6k
238,Guntar,Petrenko,gpetrenko6l@cdbaby.com,gpetrenko6l
239,Nata,Cuberley,ncuberley6m@mozilla.org,ncuberley6m
240,Lek,Corbyn,lcorbyn6n@issuu.com,lcorbyn6n
241,Terrijo,Pimmocke,tpimmocke6o@drupal.org,tpimmocke6o
242,Candy,Burdis,cburdis6p@a8.net,cburdis6p
243,Ivette,Itscowicz,iitscowicz6q@csmonitor.com,iitscowicz6q
244,Sutherland,De Gowe,sdegowe6r@scientificamerican.com,sdegowe6r
245,Claudia,Richardin,crichardin6s@miibeian.gov.cn,crichardin6s
246,Tedi,Tuppeny,ttuppeny6t@blogspot.com,ttuppeny6t
247,Hilton,Thornhill,hthornhill6u@businesswire.com,hthornhill6u
248,Giraud,Raphael,graphael6v@icq.com,graphael6v
249,Mannie,McGeever,mmcgeever6w@feedburner.com,mmcgeever6w
250,Brynna,Selway,bselway6x@histats.com,bselway6x
251,Kele,Crucitti,kcrucitti6y@aboutads.info,kcrucitti6y
252,Linette,Havelin,lhavelin6z@sbwire.com,lhavelin6z
253,Lorrin,Kibbee,lkibbee70@ezinearticles.com,lkibbee70
254,Nicolis,Bapty,nbapty71@dedecms.com,nbapty71
255,Laney,MacConnell,lmacconnell72@cloudflare.com,lmacconnell72
256,Townsend,Robeson,trobeson73@angelfire.com,trobeson73
257,Elka,Bisley,ebisley74@skyrock.com,ebisley74
258,Evaleen,Bothe,ebothe75@deviantart.com,ebothe75
259,Yorker,Dawtre,ydawtre76@businesswire.com,ydawtre76
260,Augie,Llewhellin,allewhellin77@cyberchimps.com,allewhellin77
261,Granger,Clinch,gclinch78@nsw.gov.au,gclinch78
262,Nara,Denisot,ndenisot79@ihg.com,ndenisot79
263,Lauretta,Netley,lnetley7a@bloomberg.com,lnetley7a
264,Rozamond,Bodesson,rbodesson7b@squidoo.com,rbodesson7b
265,Carmencita,Bodiam,cbodiam7c@theatlantic.com,cbodiam7c
266,Berti,Sisnett,bsisnett7d@berkeley.edu,bsisnett7d
267,Daphna,Fayerbrother,dfayerbrother7e@mayoclinic.com,dfayerbrother7e
268,Hetty,Wingar,hwingar7f@wired.com,hwingar7f
269,Jesse,Simioni,jsimioni7g@cyberchimps.com,jsimioni7g
270,Deanna,Bartosinski,dbartosinski7h@moonfruit.com,dbartosinski7h
271,Elvera,Huffer,ehuffer7i@gov.uk,ehuffer7i
272,Briney,Strover,bstrover7j@hibu.com,bstrover7j
273,Junie,Lacey,jlacey7k@usda.gov,jlacey7k
274,Modesta,Judkin,mjudkin7l@google.com.br,mjudkin7l
275,Kimberlee,Giriardelli,kgiriardelli7m@wisc.edu,kgiriardelli7m
276,Dolores,Prattington,dprattington7n@si.edu,dprattington7n
277,Indira,Matula,imatula7o@list-manage.com,imatula7o
278,Junie,Tyce,jtyce7p@baidu.com,jtyce7p
279,Tomi,Pearman,tpearman7q@reddit.com,tpearman7q
280,Derrick,Asquez,dasquez7r@state.tx.us,dasquez7r
281,Scot,Gilbee,sgilbee7s@blinklist.com,sgilbee7s
282,Luther,Barson,lbarson7t@nba.com,lbarson7t
283,Mathew,Merkle,mmerkle7u@ed.gov,mmerkle7u
284,Cos,Mc Queen,cmcqueen7v@godaddy.com,cmcqueen7v
285,Kass,Assender,kassender7w@zdnet.com,kassender7w
286,Rica,Ascroft,rascroft7x@artisteer.com,rascroft7x
287,Thorstein,Latliff,tlatliff7y@abc.net.au,tlatliff7y
288,Kai,Matyugin,kmatyugin7z@topsy.com,kmatyugin7z
289,Maddalena,Walenta,mwalenta80@cdc.gov,mwalenta80
290,Van,Tibbles,vtibbles81@soundcloud.com,vtibbles81
291,Klara,Sasser,ksasser82@icq.com,ksasser82
292,Madeline,Cadwaladr,mcadwaladr83@ustream.tv,mcadwaladr83
293,Tomkin,Dunlap,tdunlap84@twitter.com,tdunlap84
294,Evelin,Skirling,eskirling85@photobucket.com,eskirling85
295,Davin,Olczak,dolczak86@biglobe.ne.jp,dolczak86
296,Syman,Baylie,sbaylie87@techcrunch.com,sbaylie87
297,Malissa,MacPake,mmacpake88@clickbank.net,mmacpake88
298,Mignonne,Westby,mwestby89@blogspot.com,mwestby89
299,Ania,d'Escoffier,adescoffier8a@ameblo.jp,adescoffier8a
300,Garald,Whereat,gwhereat8b@umich.edu,gwhereat8b
301,Lutero,Penzer,lpenzer8c@ycombinator.com,lpenzer8c
302,Tatiana,Pepperrall,tpepperrall8d@uiuc.edu,tpepperrall8d
303,Vivianna,Swinglehurst,vswinglehurst8e@fotki.com,vswinglehurst8e
304,Berny,Pearsey,bpearsey8f@shareasale.com,bpearsey8f
305,Nickie,Aizikovitch,naizikovitch8g@google.de,naizikovitch8g
306,Kaine,McClunaghan,kmcclunaghan8h@dagondesign.com,kmcclunaghan8h
307,Leela,Lamerton,llamerton8i@typepad.com,llamerton8i
308,Deonne,Castanie,dcastanie8j@tuttocitta.it,dcastanie8j
309,Fawnia,Firmin,ffirmin8k@icq.com,ffirmin8k
310,Tierney,Keld,tkeld8l@disqus.com,tkeld8l
311,Leodora,Brazur,lbrazur8m@netlog.com,lbrazur8m
312,Ronni,MacAdam,rmacadam8n@google.ca,rmacadam8n
313,Elena,Pirazzi,epirazzi8o@dmoz.org,epirazzi8o
314,Morgen,Joesbury,mjoesbury8p@tumblr.com,mjoesbury8p
315,Min,Hallford,mhallford8q@rediff.com,mhallford8q
316,Marsiella,McCalister,mmccalister8r@symantec.com,mmccalister8r
317,Yasmin,Lambeth,ylambeth8s@aol.com,ylambeth8s
318,Jacobo,Kuhl,jkuhl8t@bbc.co.uk,jkuhl8t
319,Wendy,Montrose,wmontrose8u@alexa.com,wmontrose8u
320,Andriana,Bartolomeazzi,abartolomeazzi8v@odnoklassniki.ru,abartolomeazzi8v
321,Chrissy,Poundsford,cpoundsford8w@paypal.com,cpoundsford8w
322,Percy,MacInerney,pmacinerney8x@dagondesign.com,pmacinerney8x
323,Derwin,Rushworth,drushworth8y@sogou.com,drushworth8y
324,Nappie,Banham,nbanham8z@senate.gov,nbanham8z
325,Levy,Jamison,ljamison90@cmu.edu,ljamison90
326,Ginny,Leftridge,gleftridge91@pinterest.com,gleftridge91
327,Reinhard,Skippings,rskippings92@drupal.org,rskippings92
328,Constantine,Lepick,clepick93@illinois.edu,clepick93
329,Wyndham,McCray,wmccray94@oaic.gov.au,wmccray94
330,Fan,Knowlys,fknowlys95@joomla.org,fknowlys95
331,Andee,Wollers,awollers96@geocities.com,awollers96
332,Lorita,Levinge,llevinge97@fda.gov,llevinge97
333,Rosanna,Rulton,rrulton98@google.co.jp,rrulton98
334,Selig,Perelli,sperelli99@discuz.net,sperelli99
335,Maure,Bolens,mbolens9a@phpbb.com,mbolens9a
336,Kennie,Laban,klaban9b@opera.com,klaban9b
337,Haven,Hutley,hhutley9c@rediff.com,hhutley9c
338,Allen,Wehner,awehner9d@bloglovin.com,awehner9d
339,Hobart,Dable,hdable9e@feedburner.com,hdable9e
340,Rowena,Nobbs,rnobbs9f@exblog.jp,rnobbs9f
341,Felipa,Fosbraey,ffosbraey9g@timesonline.co.uk,ffosbraey9g
342,Bald,Tregust,btregust9h@nasa.gov,btregust9h
343,Ainslie,Wardrope,awardrope9i@elpais.com,awardrope9i
344,Xever,Enns,xenns9j@va.gov,xenns9j
345,Bonnibelle,Doerr,bdoerr9k@xinhuanet.com,bdoerr9k
346,Roxane,Tibbetts,rtibbetts9l@google.cn,rtibbetts9l
347,Gram,Spain-Gower,gspaingower9m@ovh.net,gspaingower9m
348,Sarita,Ellerbeck,sellerbeck9n@narod.ru,sellerbeck9n
349,Carmel,Dunbobin,cdunbobin9o@mail.ru,cdunbobin9o
350,Germaine,Warbrick,gwarbrick9p@sciencedirect.com,gwarbrick9p
351,Kinna,Dymott,kdymott9q@zimbio.com,kdymott9q
352,Salem,Wride,swride9r@behance.net,swride9r
353,Alley,Darwent,adarwent9s@huffingtonpost.com,adarwent9s
354,Saleem,Parsand,sparsand9t@xing.com,sparsand9t
355,Gonzalo,Calderbank,gcalderbank9u@baidu.com,gcalderbank9u
356,Row,Northcote,rnorthcote9v@google.de,rnorthcote9v
357,Brittni,d' Eye,bdeye9w@answers.com,bdeye9w
358,Carey,Yardley,cyardley9x@ucoz.ru,cyardley9x
359,Seka,Daffey,sdaffey9y@flickr.com,sdaffey9y
360,Angela,Klaiser,aklaiser9z@usa.gov,aklaiser9z
361,Hew,Dellar,hdellara0@t.co,hdellara0
362,Stephie,Loughton,sloughtona1@hexun.com,sloughtona1
363,Nicol,Lucio,nlucioa2@newsvine.com,nlucioa2
364,Jaquith,Blasoni,jblasonia3@people.com.cn,jblasonia3
365,Torrence,Cocking,tcockinga4@theatlantic.com,tcockinga4
366,Benetta,Forton,bfortona5@cornell.edu,bfortona5
367,Mathew,Kipling,mkiplinga6@dion.ne.jp,mkiplinga6
368,Creight,Smallthwaite,csmallthwaitea7@cnet.com,csmallthwaitea7
369,Cy,Budden,cbuddena8@shareasale.com,cbuddena8
370,Rosmunda,Tremelling,rtremellinga9@cdbaby.com,rtremellinga9
371,Bridgette,Jeremiah,bjeremiahaa@usa.gov,bjeremiahaa
372,Francois,Cortin,fcortinab@shop-pro.jp,fcortinab
373,Maris,Sprague,mspragueac@utexas.edu,mspragueac
374,Gwenora,Heasley,gheasleyad@reddit.com,gheasleyad
375,Terrence,Hanaby,thanabyae@google.fr,thanabyae
376,Urbain,Instock,uinstockaf@qq.com,uinstockaf
377,Alexandr,Curnucke,acurnuckeag@blogspot.com,acurnuckeag
378,Michaela,Braga,mbragaah@squarespace.com,mbragaah
379,Dela,Dampney,ddampneyai@techcrunch.com,ddampneyai
380,Gaylor,Rosindill,grosindillaj@ted.com,grosindillaj
381,Sheila,Wilkennson,swilkennsonak@amazon.co.jp,swilkennsonak
382,Abdel,Bernardos,abernardosal@sourceforge.net,abernardosal
383,Vincenty,Shelmardine,vshelmardineam@webnode.com,vshelmardineam
384,Christen,Smyth,csmythan@joomla.org,csmythan
385,Rancell,Traviss,rtravissao@networkadvertising.org,rtravissao
386,Alessandro,Shemmin,ashemminap@plala.or.jp,ashemminap
387,Husain,Broun,hbrounaq@geocities.com,hbrounaq
388,Carlye,Mattiazzi,cmattiazziar@cnet.com,cmattiazziar
389,Michell,Ferrai,mferraias@myspace.com,mferraias
390,Elka,Torrejon,etorrejonat@tumblr.com,etorrejonat
391,Silvio,Poppleton,spoppletonau@wikimedia.org,spoppletonau
392,Arvin,Lohering,aloheringav@digg.com,aloheringav
393,Darline,Ucceli,ducceliaw@sun.com,ducceliaw
394,Ainslee,Robert,arobertax@odnoklassniki.ru,arobertax
395,Babb,Dallyn,bdallynay@loc.gov,bdallynay
396,Trueman,Ogglebie,togglebieaz@bbb.org,togglebieaz
397,Boothe,Lutsch,blutschb0@nature.com,blutschb0
398,Florida,Mottershead,fmottersheadb1@bbb.org,fmottersheadb1
399,Gabbi,Conboy,gconboyb2@guardian.co.uk,gconboyb2
400,Cliff,Lintill,clintillb3@comcast.net,clintillb3
401,Mitchell,Stouther,mstoutherb4@toplist.cz,mstoutherb4
402,Melony,Errowe,merroweb5@cnet.com,merroweb5
403,Karim,Terry,kterryb6@reuters.com,kterryb6
404,Sallee,Chieze,schiezeb7@taobao.com,schiezeb7
405,Nada,Valler,nvallerb8@blinklist.com,nvallerb8
406,Iggy,Wikey,iwikeyb9@ibm.com,iwikeyb9
407,Elora,Jansie,ejansieba@over-blog.com,ejansieba
408,Cristine,Fahy,cfahybb@mtv.com,cfahybb
409,Maxy,Izkovicz,mizkoviczbc@army.mil,mizkoviczbc
410,Ryley,Peinton,rpeintonbd@ustream.tv,rpeintonbd
411,Donn,McCart,dmccartbe@europa.eu,dmccartbe
412,Inger,Boule,iboulebf@dedecms.com,iboulebf
413,Ailee,MacShirie,amacshiriebg@redcross.org,amacshiriebg
414,Jody,Barke,jbarkebh@cnet.com,jbarkebh
415,Minta,Glyne,mglynebi@jiathis.com,mglynebi
416,Brietta,Clougher,bclougherbj@rambler.ru,bclougherbj
417,Hendrik,Rogers,hrogersbk@youtube.com,hrogersbk
418,Odey,Hune,ohunebl@exblog.jp,ohunebl
419,Aeriell,Han,ahanbm@exblog.jp,ahanbm
420,Teriann,Mungham,tmunghambn@yolasite.com,tmunghambn
421,Hughie,Wasling,hwaslingbo@pagesperso-orange.fr,hwaslingbo
422,Willem,Zealey,wzealeybp@hud.gov,wzealeybp
423,Christoph,Smaleman,csmalemanbq@bloomberg.com,csmalemanbq
424,Adolphe,Caldairou,acaldairoubr@house.gov,acaldairoubr
425,Hurley,Shallcross,hshallcrossbs@pbs.org,hshallcrossbs
426,Xerxes,Parcell,xparcellbt@prnewswire.com,xparcellbt
427,Nanete,Lansdown,nlansdownbu@mlb.com,nlansdownbu
428,Chastity,Symones,csymonesbv@imdb.com,csymonesbv
429,Lanae,Meatyard,lmeatyardbw@webmd.com,lmeatyardbw
430,Ruben,O' Meara,romearabx@sciencedirect.com,romearabx
431,Willyt,Wharin,wwharinby@4shared.com,wwharinby
432,Huey,Goldberg,hgoldbergbz@nydailynews.com,hgoldbergbz
433,Cullen,Cordier,ccordierc0@sohu.com,ccordierc0
434,Blisse,Eronie,beroniec1@1688.com,beroniec1
435,Dur,Leinthall,dleinthallc2@istockphoto.com,dleinthallc2
436,Annadiana,McCane,amccanec3@360.cn,amccanec3
437,Darnall,O' Bee,dobeec4@webmd.com,dobeec4
438,Elissa,Drohun,edrohunc5@a8.net,edrohunc5
439,Dannie,Esherwood,desherwoodc6@blogspot.com,desherwoodc6
440,Gian,Cocklin,gcocklinc7@1und1.de,gcocklinc7
441,Alexandro,Arunowicz,aarunowiczc8@sphinn.com,aarunowiczc8
442,Grazia,Trangmar,gtrangmarc9@rakuten.co.jp,gtrangmarc9
443,Germana,O'Donoghue,godonoghueca@so-net.ne.jp,godonoghueca
444,Cynthie,Biles,cbilescb@apache.org,cbilescb
445,Kiersten,O' Kelleher,kokellehercc@addthis.com,kokellehercc
446,Osbourne,China,ochinacd@army.mil,ochinacd
447,Erhard,Benian,ebeniance@cyberchimps.com,ebeniance
448,Gardiner,Janks,gjankscf@people.com.cn,gjankscf
449,Ian,Allard,iallardcg@twitpic.com,iallardcg
450,Marna,Traviss,mtravissch@example.com,mtravissch
451,Trace,Merriton,tmerritonci@biblegateway.com,tmerritonci
452,Meghan,Bohden,mbohdencj@google.it,mbohdencj
453,Gabie,Bracey,gbraceyck@xrea.com,gbraceyck
454,Hamish,Goodlife,hgoodlifecl@alexa.com,hgoodlifecl
455,Katalin,Loges,klogescm@spotify.com,klogescm
456,Samuel,Sallis,ssalliscn@berkeley.edu,ssalliscn
457,Thedrick,Breckwell,tbreckwellco@irs.gov,tbreckwellco
458,Arlene,Doige,adoigecp@guardian.co.uk,adoigecp
459,Carmen,Mc-Kerley,cmckerleycq@whitehouse.gov,cmckerleycq
460,Alphonso,Philo,aphilocr@tamu.edu,aphilocr
461,Barny,Eady,beadycs@wikispaces.com,beadycs
462,Van,Harrild,vharrildct@webnode.com,vharrildct
463,Ardith,Tummasutti,atummasutticu@last.fm,atummasutticu
464,Sancho,Kenan,skenancv@deliciousdays.com,skenancv
465,Aguste,Szantho,aszanthocw@ed.gov,aszanthocw
466,Giana,Garnsworth,ggarnsworthcx@t.co,ggarnsworthcx
467,Nero,Mynett,nmynettcy@addtoany.com,nmynettcy
468,Alla,Tax,ataxcz@weebly.com,ataxcz
469,Karola,Brockherst,kbrockherstd0@cbc.ca,kbrockherstd0
470,Damien,Goggen,dgoggend1@latimes.com,dgoggend1
471,Kassi,Carslaw,kcarslawd2@google.ca,kcarslawd2
472,Lucais,Purser,lpurserd3@oakley.com,lpurserd3
473,Loretta,Gobell,lgobelld4@dedecms.com,lgobelld4
474,Chrysa,Haslin,chaslind5@google.de,chaslind5
475,Hyacintha,Dinning,hdinningd6@lycos.com,hdinningd6
476,Emlyn,Briton,ebritond7@hud.gov,ebritond7
477,Sergio,Kohrsen,skohrsend8@ebay.com,skohrsend8
478,Dan,Handrick,dhandrickd9@wix.com,dhandrickd9
479,Karel,Stannah,kstannahda@wufoo.com,kstannahda
480,Lizzy,M'Quharge,lmquhargedb@pcworld.com,lmquhargedb
481,Dillie,Aish,daishdc@webs.com,daishdc
482,Bear,Sauvain,bsauvaindd@webeden.co.uk,bsauvaindd
483,Dulcia,Shippey,dshippeyde@toplist.cz,dshippeyde
484,Falito,Ondrusek,fondrusekdf@bravesites.com,fondrusekdf
485,Tomi,Bowker,tbowkerdg@bandcamp.com,tbowkerdg
486,Allison,Skurm,askurmdh@narod.ru,askurmdh
487,Clerissa,Garfirth,cgarfirthdi@usda.gov,cgarfirthdi
488,Tamra,Oran,torandj@reverbnation.com,torandj
489,Miranda,Pleaden,mpleadendk@shinystat.com,mpleadendk
490,Jillie,Sherrock,jsherrockdl@reverbnation.com,jsherrockdl
491,Otes,Serrurier,oserrurierdm@wired.com,oserrurierdm
492,Sada,Mulder,smulderdn@php.net,smulderdn
493,Sergent,Gipp,sgippdo@mapquest.com,sgippdo
494,Allene,Meltetal,ameltetaldp@globo.com,ameltetaldp
495,Cos,Gatsby,cgatsbydq@nature.com,cgatsbydq
496,Pamelina,Calwell,pcalwelldr@twitter.com,pcalwelldr
497,Eduardo,Collidge,ecollidgeds@moonfruit.com,ecollidgeds
498,Derward,Bagwell,dbagwelldt@usda.gov,dbagwelldt
499,Orren,Liddyard,oliddyarddu@irs.gov,oliddyarddu
500,Alric,Eam,aeamdv@dmoz.org,aeamdv
501,Dunstan,Kirvin,dkirvindw@epa.gov,dkirvindw
502,Lanny,Cham,lchamdx@ask.com,lchamdx
503,Eba,Yate,eyatedy@spotify.com,eyatedy
504,Rona,Pirri,rpirridz@surveymonkey.com,rpirridz
505,Elnora,Bremley,ebremleye0@alibaba.com,ebremleye0
506,Arabel,Copo,acopoe1@chicagotribune.com,acopoe1
507,Royal,Shires,rshirese2@ovh.net,rshirese2
508,Ryon,Noad,rnoade3@rakuten.co.jp,rnoade3
509,Galvin,Bentzen,gbentzene4@prlog.org,gbentzene4
510,Jaymie,d'Arcy,jdarcye5@wikipedia.org,jdarcye5
511,Reena,Tollow,rtollowe6@gmpg.org,rtollowe6
512,Coraline,Chene,cchenee7@netlog.com,cchenee7
513,Hamlen,Burgett,hburgette8@princeton.edu,hburgette8
514,Leonelle,Tills,ltillse9@hhs.gov,ltillse9
515,Wash,Abeau,wabeauea@sohu.com,wabeauea
516,Nappie,Garman,ngarmaneb@hp.com,ngarmaneb
517,Sayers,Jacques,sjacquesec@pbs.org,sjacquesec
518,Francklyn,Coggill,fcoggilled@sfgate.com,fcoggilled
519,Vere,Vosper,vvosperee@yelp.com,vvosperee
520,Felizio,Ainsley,fainsleyef@bbb.org,fainsleyef
521,Agosto,Dunkerk,adunkerkeg@marriott.com,adunkerkeg
522,Cobby,Bilney,cbilneyeh@google.co.jp,cbilneyeh
523,Sharon,Fireman,sfiremanei@facebook.com,sfiremanei
524,Hadlee,Meekins,hmeekinsej@unesco.org,hmeekinsej
525,Manya,Juara,mjuaraek@amazonaws.com,mjuaraek
526,Fidelia,St. Louis,fstlouisel@github.io,fstlouisel
527,Mordy,Guilliland,mguillilandem@boston.com,mguillilandem
528,Bree,Somerset,bsomerseten@wikipedia.org,bsomerseten
529,Debora,Giacometti,dgiacomettieo@skyrock.com,dgiacomettieo
530,Sissy,Steere,ssteereep@cdc.gov,ssteereep
531,Auroora,Hubach,ahubacheq@jimdo.com,ahubacheq
532,Bethanne,Dosdell,bdosdeller@opensource.org,bdosdeller
533,Marlowe,Mabbott,mmabbottes@yale.edu,mmabbottes
534,Garnette,Whitewood,gwhitewoodet@xrea.com,gwhitewoodet
535,Moria,Hurlin,mhurlineu@chicagotribune.com,mhurlineu
536,Sarette,Hayer,shayerev@netlog.com,shayerev
537,Sonny,Kinnerk,skinnerkew@jimdo.com,skinnerkew
538,Viki,O'Doherty,vodohertyex@moonfruit.com,vodohertyex
539,Marlow,Linnit,mlinnitey@woothemes.com,mlinnitey
540,Nanny,St Louis,nstlouisez@umn.edu,nstlouisez
541,Bernie,Enston,benstonf0@usa.gov,benstonf0
542,Quent,Kalvin,qkalvinf1@yahoo.com,qkalvinf1
543,Fran,Sperry,fsperryf2@yahoo.com,fsperryf2
544,Chaim,MacCallam,cmaccallamf3@alexa.com,cmaccallamf3
545,Ernestine,Lantuffe,elantuffef4@ovh.net,elantuffef4
546,Jocko,Ondrus,jondrusf5@washingtonpost.com,jondrusf5
547,Gaylene,Gallehock,ggallehockf6@purevolume.com,ggallehockf6
548,Reidar,Krzyzaniak,rkrzyzaniakf7@vkontakte.ru,rkrzyzaniakf7
549,Norris,Pusey,npuseyf8@webs.com,npuseyf8
550,Jere,Antonescu,jantonescuf9@cpanel.net,jantonescuf9
551,Andrus,Midner,amidnerfa@sakura.ne.jp,amidnerfa
552,Rutter,Nore,rnorefb@yolasite.com,rnorefb
553,Isabeau,Andrichak,iandrichakfc@blogspot.com,iandrichakfc
554,Vincent,Vasyanin,vvasyaninfd@t-online.de,vvasyaninfd
555,Rebekah,Roistone,rroistonefe@marketwatch.com,rroistonefe
556,Lockwood,Overton,lovertonff@shinystat.com,lovertonff
557,Kliment,Meuse,kmeusefg@google.fr,kmeusefg
558,Gamaliel,Chable,gchablefh@japanpost.jp,gchablefh
559,Viv,Scholcroft,vscholcroftfi@photobucket.com,vscholcroftfi
560,Homere,Dallan,hdallanfj@statcounter.com,hdallanfj
561,Nikolia,Micallef,nmicalleffk@pen.io,nmicalleffk
562,Lilas,Bilt,lbiltfl@arizona.edu,lbiltfl
563,Blondelle,Coaten,bcoatenfm@virginia.edu,bcoatenfm
564,Alejandro,Dykes,adykesfn@reverbnation.com,adykesfn
565,Reilly,McNelly,rmcnellyfo@sbwire.com,rmcnellyfo
566,Theda,Ripsher,tripsherfp@mail.ru,tripsherfp
567,Scottie,Whitcombe,swhitcombefq@cloudflare.com,swhitcombefq
568,Courtney,Chaffey,cchaffeyfr@indiatimes.com,cchaffeyfr
569,Terri,Robley,trobleyfs@cnet.com,trobleyfs
570,Pembroke,Spillard,pspillardft@facebook.com,pspillardft
571,Sukey,Fowle,sfowlefu@surveymonkey.com,sfowlefu
572,Ileane,Relton,ireltonfv@dagondesign.com,ireltonfv
573,Sloane,Pizey,spizeyfw@google.com.hk,spizeyfw
574,Xenia,Heugh,xheughfx@webnode.com,xheughfx
575,Cybil,Titchen,ctitchenfy@wikispaces.com,ctitchenfy
576,Tremaine,Coping,tcopingfz@washington.edu,tcopingfz
577,Janene,Girsch,jgirschg0@nyu.edu,jgirschg0
578,Devora,Coldridge,dcoldridgeg1@rambler.ru,dcoldridgeg1
579,Leeland,Domico,ldomicog2@scientificamerican.com,ldomicog2
580,Pooh,Tuckerman,ptuckermang3@hhs.gov,ptuckermang3
581,Gelya,Van Saltsberg,gvansaltsbergg4@house.gov,gvansaltsbergg4
582,Tommy,Krelle,tkrelleg5@technorati.com,tkrelleg5
583,Truda,Lumox,tlumoxg6@purevolume.com,tlumoxg6
584,Svend,Gemson,sgemsong7@macromedia.com,sgemsong7
585,Vanni,Dyball,vdyballg8@skype.com,vdyballg8
586,Godfrey,Limeburner,glimeburnerg9@xinhuanet.com,glimeburnerg9
587,Hetti,Misselbrook,hmisselbrookga@imdb.com,hmisselbrookga
588,Margret,Genner,mgennergb@sciencedaily.com,mgennergb
589,Seumas,Milberry,smilberrygc@phpbb.com,smilberrygc
590,Krystle,Ghion,kghiongd@skyrock.com,kghiongd
591,Merrielle,Tremollet,mtremolletge@printfriendly.com,mtremolletge
592,Kaleb,Bartoshevich,kbartoshevichgf@wikispaces.com,kbartoshevichgf
593,Dania,Arnaldi,darnaldigg@mac.com,darnaldigg
594,Bordy,Gerge,bgergegh@bbc.co.uk,bgergegh
595,Wrennie,Obray,wobraygi@princeton.edu,wobraygi
596,Doralia,Perree,dperreegj@mozilla.com,dperreegj
597,Goddard,Rubenczyk,grubenczykgk@cnn.com,grubenczykgk
598,Cleo,Wyss,cwyssgl@privacy.gov.au,cwyssgl
599,Miner,See,mseegm@cdc.gov,mseegm
600,Harli,Cosslett,hcosslettgn@google.ru,hcosslettgn
601,Kinnie,Graffin,kgraffingo@51.la,kgraffingo
602,Rustie,Gendrich,rgendrichgp@exblog.jp,rgendrichgp
603,Cynthea,Baal,cbaalgq@rambler.ru,cbaalgq
604,Balduin,Chantrell,bchantrellgr@sphinn.com,bchantrellgr
605,Artie,Loyndon,aloyndongs@usatoday.com,aloyndongs
606,Fancy,Deniske,fdeniskegt@psu.edu,fdeniskegt
607,Ludovico,Goley,lgoleygu@apache.org,lgoleygu
608,Sofia,Swallow,sswallowgv@woothemes.com,sswallowgv
609,Alley,Digle,adiglegw@zdnet.com,adiglegw
610,Constance,Gossage,cgossagegx@aol.com,cgossagegx
611,Kelsy,Matts,kmattsgy@dmoz.org,kmattsgy
612,Marysa,Lamming,mlamminggz@amazon.de,mlamminggz
613,Kipper,Buyers,kbuyersh0@plala.or.jp,kbuyersh0
614,Baldwin,Corbitt,bcorbitth1@simplemachines.org,bcorbitth1
615,Stanleigh,Malshinger,smalshingerh2@columbia.edu,smalshingerh2
616,Lorrie,Cornuau,lcornuauh3@google.pl,lcornuauh3
617,Whitney,Ribou,wribouh4@wix.com,wribouh4
618,Lian,Shawyer,lshawyerh5@smugmug.com,lshawyerh5
619,Melessa,McNamee,mmcnameeh6@europa.eu,mmcnameeh6
620,Elbertine,Scranney,escranneyh7@typepad.com,escranneyh7
621,Tomasina,Kennady,tkennadyh8@cargocollective.com,tkennadyh8
622,Tobiah,Acheson,tachesonh9@mapy.cz,tachesonh9
623,Meredithe,Catterill,mcatterillha@springer.com,mcatterillha
624,Stanislas,Doddrell,sdoddrellhb@dailymotion.com,sdoddrellhb
625,Clotilda,Westrey,cwestreyhc@alexa.com,cwestreyhc
626,Giffer,Duffin,gduffinhd@over-blog.com,gduffinhd
627,Elias,Seebright,eseebrighthe@cocolog-nifty.com,eseebrighthe
628,Fonz,Tincknell,ftincknellhf@japanpost.jp,ftincknellhf
629,Creighton,Blackmoor,cblackmoorhg@tinypic.com,cblackmoorhg
630,Gearard,Orans,goranshh@mashable.com,goranshh
631,Emma,Morgan,emorganhi@shutterfly.com,emorganhi
632,Darda,Leggitt,dleggitthj@123-reg.co.uk,dleggitthj
633,Debi,Goutcher,dgoutcherhk@abc.net.au,dgoutcherhk
634,Gerladina,Carlsen,gcarlsenhl@biglobe.ne.jp,gcarlsenhl
635,Jedidiah,Downes,jdowneshm@ow.ly,jdowneshm
636,Betteann,Dagg,bdagghn@wiley.com,bdagghn
637,Erin,Salzburger,esalzburgerho@baidu.com,esalzburgerho
638,Ame,Sine,asinehp@uiuc.edu,asinehp
639,Andra,Scini,ascinihq@state.gov,ascinihq
640,Emyle,Edel,eedelhr@phpbb.com,eedelhr
641,Cyrus,Kealey,ckealeyhs@technorati.com,ckealeyhs
642,Alverta,Majury,amajuryht@gov.uk,amajuryht
643,Casar,Doddemeede,cdoddemeedehu@imageshack.us,cdoddemeedehu
644,Erhart,Clemendot,eclemendothv@wordpress.org,eclemendothv
645,Cornelle,Calladine,ccalladinehw@ocn.ne.jp,ccalladinehw
646,Lorraine,Grishelyov,lgrishelyovhx@imageshack.us,lgrishelyovhx
647,Cory,Symes,csymeshy@cocolog-nifty.com,csymeshy
648,Datha,Ruggen,druggenhz@twitter.com,druggenhz
649,Aleda,Mattheis,amattheisi0@ovh.net,amattheisi0
650,Raphaela,Corde,rcordei1@1und1.de,rcordei1
651,Johannah,Harflete,jharfletei2@foxnews.com,jharfletei2
652,Raul,Creavin,rcreavini3@yale.edu,rcreavini3
653,Gretal,Oswell,goswelli4@un.org,goswelli4
654,Tatum,Van der Kruijs,tvanderkruijsi5@uol.com.br,tvanderkruijsi5
655,Breanne,Ingleson,binglesoni6@admin.ch,binglesoni6
656,Hannah,Buer,hbueri7@bizjournals.com,hbueri7
657,Hort,Beneix,hbeneixi8@ebay.com,hbeneixi8
658,Leonanie,Powelee,lpoweleei9@purevolume.com,lpoweleei9
659,Elmo,Kellitt,ekellittia@go.com,ekellittia
660,Wendi,Abbitt,wabbittib@webnode.com,wabbittib
661,Nicolina,Favill,nfavillic@google.ru,nfavillic
662,Luciano,FitzGeorge,lfitzgeorgeid@pbs.org,lfitzgeorgeid
663,Melloney,Hacking,mhackingie@networksolutions.com,mhackingie
664,Steffane,Handling,shandlingif@ustream.tv,shandlingif
665,Ricard,Neat,rneatig@princeton.edu,rneatig
666,Ruthann,Bascomb,rbascombih@lulu.com,rbascombih
667,Lauree,Braithwait,lbraithwaitii@nps.gov,lbraithwaitii
668,Selina,Tatershall,statershallij@adobe.com,statershallij
669,Jobi,Arrundale,jarrundaleik@chicagotribune.com,jarrundaleik
670,Oren,Kayes,okayesil@tumblr.com,okayesil
671,Randi,Joddens,rjoddensim@indiatimes.com,rjoddensim
672,Noah,Legrand,nlegrandin@people.com.cn,nlegrandin
673,Hildegaard,Bartolacci,hbartolacciio@un.org,hbartolacciio
674,Benoite,Grombridge,bgrombridgeip@wix.com,bgrombridgeip
675,Torrence,Meehan,tmeehaniq@simplemachines.org,tmeehaniq
676,Yolanthe,Margery,ymargeryir@simplemachines.org,ymargeryir
677,Nikki,Lowres,nlowresis@trellian.com,nlowresis
678,Alasdair,Riggulsford,ariggulsfordit@dell.com,ariggulsfordit
679,Harwilll,Kerwen,hkerweniu@myspace.com,hkerweniu
680,Vilma,Giacopini,vgiacopiniiv@reuters.com,vgiacopiniiv
681,Vania,Sambals,vsambalsiw@hostgator.com,vsambalsiw
682,Georgette,Bompas,gbompasix@mapquest.com,gbompasix
683,Ninette,O'Grada,nogradaiy@google.pl,nogradaiy
684,Althea,Heggadon,aheggadoniz@ning.com,aheggadoniz
685,Tonia,Mainston,tmainstonj0@jimdo.com,tmainstonj0
686,Bob,Munson,bmunsonj1@gnu.org,bmunsonj1
687,Field,Agett,fagettj2@rediff.com,fagettj2
688,Mauricio,Yarrell,myarrellj3@google.es,myarrellj3
689,Joleen,Cadney,jcadneyj4@home.pl,jcadneyj4
690,Adora,Lecky,aleckyj5@bizjournals.com,aleckyj5
691,Velvet,Hourihane,vhourihanej6@stumbleupon.com,vhourihanej6
692,Annabel,Copcutt,acopcuttj7@vistaprint.com,acopcuttj7
693,Dew,Vedntyev,dvedntyevj8@nifty.com,dvedntyevj8
694,Manya,Puttan,mputtanj9@go.com,mputtanj9
695,Davina,Hickenbottom,dhickenbottomja@cbslocal.com,dhickenbottomja
696,Daffie,Scotchmoor,dscotchmoorjb@phoca.cz,dscotchmoorjb
697,Nevile,Laming,nlamingjc@yellowbook.com,nlamingjc
698,Bale,Reedman,breedmanjd@discuz.net,breedmanjd
699,Jasmin,Normansell,jnormansellje@wufoo.com,jnormansellje
700,Arlena,Crates,acratesjf@hao123.com,acratesjf
701,Paul,Parriss,pparrissjg@nsw.gov.au,pparrissjg
702,Matty,Giriardelli,mgiriardellijh@mapquest.com,mgiriardellijh
703,Tallulah,Advani,tadvaniji@theguardian.com,tadvaniji
704,Maxy,Rosenfelder,mrosenfelderjj@howstuffworks.com,mrosenfelderjj
705,Lorain,Delafoy,ldelafoyjk@ocn.ne.jp,ldelafoyjk
706,Barbi,Meads,bmeadsjl@indiatimes.com,bmeadsjl
707,Tiphani,Elvin,telvinjm@gizmodo.com,telvinjm
708,Batsheva,Crebo,bcrebojn@altervista.org,bcrebojn
709,Remus,Balasini,rbalasinijo@cyberchimps.com,rbalasinijo
710,Eustacia,Manketell,emanketelljp@pbs.org,emanketelljp
711,Britni,Ruddiforth,bruddiforthjq@indiegogo.com,bruddiforthjq
712,Roseanna,Petican,rpeticanjr@usda.gov,rpeticanjr
713,Marci,Dibbs,mdibbsjs@desdev.cn,mdibbsjs
714,Leonelle,McCrystal,lmccrystaljt@ifeng.com,lmccrystaljt
715,Sarita,Cocklie,scocklieju@delicious.com,scocklieju
716,Merridie,Conachy,mconachyjv@ning.com,mconachyjv
717,Sean,Bundy,sbundyjw@ed.gov,sbundyjw
718,Barbabra,Gricks,bgricksjx@techcrunch.com,bgricksjx
719,Emilio,Enochsson,eenochssonjy@tripod.com,eenochssonjy
720,Anallese,Essam,aessamjz@deviantart.com,aessamjz
721,Crissie,Duffil,cduffilk0@stumbleupon.com,cduffilk0
722,Eolanda,Sieur,esieurk1@washington.edu,esieurk1
723,Tasha,Reavey,treaveyk2@dell.com,treaveyk2
724,Zarla,Stonman,zstonmank3@webeden.co.uk,zstonmank3
725,Gerhardine,Symcoxe,gsymcoxek4@businesswire.com,gsymcoxek4
726,Laughton,Evitt,levittk5@ifeng.com,levittk5
727,Turner,Okell,tokellk6@chicagotribune.com,tokellk6
728,Wayland,Oganian,woganiank7@vinaora.com,woganiank7
729,Anastasia,Papen,apapenk8@de.vu,apapenk8
730,Antonie,Trask,atraskk9@about.me,atraskk9
731,Kelsy,Kauscher,kkauscherka@sciencedirect.com,kkauscherka
732,Lyndsie,Barrington,lbarringtonkb@google.cn,lbarringtonkb
733,Alika,Clapison,aclapisonkc@marketwatch.com,aclapisonkc
734,Lavena,Philippart,lphilippartkd@canalblog.com,lphilippartkd
735,Vassili,Gommes,vgommeske@reddit.com,vgommeske
736,Zarah,Roggieri,zroggierikf@statcounter.com,zroggierikf
737,Corina,Skellon,cskellonkg@uiuc.edu,cskellonkg
738,Amory,Wickey,awickeykh@geocities.jp,awickeykh
739,Del,Grinov,dgrinovki@msn.com,dgrinovki
740,Astrid,Bradmore,abradmorekj@fema.gov,abradmorekj
741,Katinka,Tingly,ktinglykk@hibu.com,ktinglykk
742,Myca,MacDirmid,mmacdirmidkl@earthlink.net,mmacdirmidkl
743,Cordell,Arnatt,carnattkm@cdbaby.com,carnattkm
744,Orly,McKean,omckeankn@photobucket.com,omckeankn
745,Caria,Hampshaw,champshawko@last.fm,champshawko
746,Manfred,Sehorsch,msehorschkp@odnoklassniki.ru,msehorschkp
747,Domini,Box,dboxkq@delicious.com,dboxkq
748,Jo-anne,Brixey,jbrixeykr@slideshare.net,jbrixeykr
749,Celie,Challenor,cchallenorks@newyorker.com,cchallenorks
750,Minnaminnie,Revening,mreveningkt@furl.net,mreveningkt
751,Dannel,Kenson,dkensonku@yellowpages.com,dkensonku
752,Aymer,Bernakiewicz,abernakiewiczkv@census.gov,abernakiewiczkv
753,Penrod,Fawdrie,pfawdriekw@tumblr.com,pfawdriekw
754,Mord,Colleton,mcolletonkx@usatoday.com,mcolletonkx
755,Justen,Wallbank,jwallbankky@odnoklassniki.ru,jwallbankky
756,Ambur,Kemshell,akemshellkz@dmoz.org,akemshellkz
757,Bernardine,Sineath,bsineathl0@springer.com,bsineathl0
758,Bald,Quemby,bquembyl1@netlog.com,bquembyl1
759,Reece,McCahill,rmccahilll2@amazon.co.uk,rmccahilll2
760,Giuditta,Bowdon,gbowdonl3@usgs.gov,gbowdonl3
761,Elyse,Dowson,edowsonl4@ihg.com,edowsonl4
762,Chase,Icke,cickel5@prnewswire.com,cickel5
763,Antons,Basil,abasill6@timesonline.co.uk,abasill6
764,Caro,Marsie,cmarsiel7@dailymotion.com,cmarsiel7
765,Bree,Howroyd,bhowroydl8@topsy.com,bhowroydl8
766,Jeremy,Ruggiero,jruggierol9@theglobeandmail.com,jruggierol9
767,Frederica,Pessolt,fpessoltla@free.fr,fpessoltla
768,Wylma,Zellner,wzellnerlb@techcrunch.com,wzellnerlb
769,Brendon,Desorts,bdesortslc@desdev.cn,bdesortslc
770,Vito,Sainte Paul,vsaintepaulld@spotify.com,vsaintepaulld
771,Lois,Ramstead,lramsteadle@scientificamerican.com,lramsteadle
772,Brier,Jodkowski,bjodkowskilf@miibeian.gov.cn,bjodkowskilf
773,Gabbie,Coultard,gcoultardlg@google.ru,gcoultardlg
774,Anson,Gibbin,agibbinlh@independent.co.uk,agibbinlh
775,Aubrie,Lankford,alankfordli@amazonaws.com,alankfordli
776,Tracee,Summerlad,tsummerladlj@harvard.edu,tsummerladlj
777,Caleb,Elphinston,celphinstonlk@ezinearticles.com,celphinstonlk
778,Kalli,Johann,kjohannll@sakura.ne.jp,kjohannll
779,Alida,Jess,ajesslm@tuttocitta.it,ajesslm
780,Darby,Vedyasov,dvedyasovln@timesonline.co.uk,dvedyasovln
781,Elmo,Abbe,eabbelo@yellowpages.com,eabbelo
782,Nicholas,McGilben,nmcgilbenlp@moonfruit.com,nmcgilbenlp
783,Danella,Toor,dtoorlq@mozilla.org,dtoorlq
784,Casie,Robet,crobetlr@oaic.gov.au,crobetlr
785,Maison,Netley,mnetleyls@google.com.hk,mnetleyls
786,Jillana,Lamberteschi,jlamberteschilt@flavors.me,jlamberteschilt
787,Ingrim,Depper,idepperlu@bravesites.com,idepperlu
788,Jorey,Skells,jskellslv@posterous.com,jskellslv
789,Wallas,Benettelli,wbenettellilw@webs.com,wbenettellilw
790,Darelle,Smales,dsmaleslx@arizona.edu,dsmaleslx
791,Yetta,Vakhlov,yvakhlovly@gov.uk,yvakhlovly
792,Rafa,Dehn,rdehnlz@latimes.com,rdehnlz
793,Yoko,Malley,ymalleym0@1688.com,ymalleym0
794,Corly,Freschi,cfreschim1@wisc.edu,cfreschim1
795,Hyacinthie,Desborough,hdesboroughm2@trellian.com,hdesboroughm2
796,Dasie,Myford,dmyfordm3@netlog.com,dmyfordm3
797,Aldwin,Cargon,acargonm4@imageshack.us,acargonm4
798,Brandon,Parvin,bparvinm5@lulu.com,bparvinm5
799,Joanne,Jury,jjurym6@fema.gov,jjurym6
800,Gherardo,Sibun,gsibunm7@exblog.jp,gsibunm7
801,Prentice,Nairne,pnairnem8@godaddy.com,pnairnem8
802,Rosemaria,Pratten,rprattenm9@chronoengine.com,rprattenm9
803,Waiter,Beardsell,wbeardsellma@sciencedirect.com,wbeardsellma
804,Katerine,Bartoli,kbartolimb@clickbank.net,kbartolimb
805,Aloise,Stabbins,astabbinsmc@photobucket.com,astabbinsmc
806,Kliment,MacDiarmond,kmacdiarmondmd@foxnews.com,kmacdiarmondmd
807,Hugibert,Saben,hsabenme@google.com,hsabenme
808,Maressa,Thaine,mthainemf@lulu.com,mthainemf
809,Marie,Cardoe,mcardoemg@scientificamerican.com,mcardoemg
810,Allie,Ballinger,aballingermh@fda.gov,aballingermh
811,Monti,Kinlock,mkinlockmi@vinaora.com,mkinlockmi
812,Natal,Cluderay,ncluderaymj@cpanel.net,ncluderaymj
813,Mitch,O'Scollee,moscolleemk@biblegateway.com,moscolleemk
814,Daffy,Harries,dharriesml@apache.org,dharriesml
815,Madeline,Trehearne,mtrehearnemm@mozilla.com,mtrehearnemm
816,Derry,Pavy,dpavymn@behance.net,dpavymn
817,Keenan,Whitmore,kwhitmoremo@amazon.co.jp,kwhitmoremo
818,Laurianne,Aldhous,laldhousmp@usatoday.com,laldhousmp
819,Vachel,Cheatle,vcheatlemq@techcrunch.com,vcheatlemq
820,Halimeda,Theze,hthezemr@imdb.com,hthezemr
821,Whitney,Hazlegrove,whazlegrovems@godaddy.com,whazlegrovems
822,Gerrilee,Dallow,gdallowmt@tinypic.com,gdallowmt
823,Cindee,Archbould,carchbouldmu@mysql.com,carchbouldmu
824,Gustave,Paintain,gpaintainmv@imgur.com,gpaintainmv
825,Rosamund,Andrus,randrusmw@bluehost.com,randrusmw
826,Nikkie,Jaulmes,njaulmesmx@bloomberg.com,njaulmesmx
827,Hedvige,Moline,hmolinemy@harvard.edu,hmolinemy
828,Ingrim,Lafflina,ilafflinamz@blinklist.com,ilafflinamz
829,Joscelin,Pavie,jpavien0@rediff.com,jpavien0
830,Bear,Sarney,bsarneyn1@tmall.com,bsarneyn1
831,Cob,Clinton,cclintonn2@ow.ly,cclintonn2
832,Tiffie,Lubbock,tlubbockn3@nydailynews.com,tlubbockn3
833,Beth,Jagson,bjagsonn4@freewebs.com,bjagsonn4
834,Stafford,Ommundsen,sommundsenn5@theglobeandmail.com,sommundsenn5
835,Payton,Isac,pisacn6@diigo.com,pisacn6
836,Tallie,Reville,trevillen7@illinois.edu,trevillen7
837,Edward,Myles,emylesn8@webmd.com,emylesn8
838,Ailsun,Stainburn,astainburnn9@mit.edu,astainburnn9
839,Winifred,Brodest,wbrodestna@indiegogo.com,wbrodestna
840,Moreen,Beel,mbeelnb@youku.com,mbeelnb
841,Cele,Fancett,cfancettnc@purevolume.com,cfancettnc
842,Juan,Chasles,jchaslesnd@cdbaby.com,jchaslesnd
843,Rodger,McCarroll,rmccarrollne@guardian.co.uk,rmccarrollne
844,Heinrick,Meco,hmeconf@usa.gov,hmeconf
845,Lorelei,Minnock,lminnockng@last.fm,lminnockng
846,Maryanne,Rablan,mrablannh@reverbnation.com,mrablannh
847,Michel,Courvert,mcourvertni@ycombinator.com,mcourvertni
848,Sarene,McGruar,smcgruarnj@wix.com,smcgruarnj
849,Audra,Minet,aminetnk@nhs.uk,aminetnk
850,Maire,Wearden,mweardennl@ucoz.com,mweardennl
851,Ber,Marzelli,bmarzellinm@shutterfly.com,bmarzellinm
852,Gradey,Sorrel,gsorrelnn@yellowpages.com,gsorrelnn
853,Matilda,Garth,mgarthno@wikipedia.org,mgarthno
854,Sonnie,Margram,smargramnp@huffingtonpost.com,smargramnp
855,Bax,Ingall,bingallnq@dot.gov,bingallnq
856,Natale,Zanetello,nzanetellonr@163.com,nzanetellonr
857,Miles,Lillicrop,mlillicropns@miibeian.gov.cn,mlillicropns
858,Mil,Paolinelli,mpaolinellint@blog.com,mpaolinellint
859,Law,Duffitt,lduffittnu@bloglines.com,lduffittnu
860,Marin,Loade,mloadenv@hc360.com,mloadenv
861,Nolana,Pashler,npashlernw@people.com.cn,npashlernw
862,Andonis,Roulston,aroulstonnx@storify.com,aroulstonnx
863,Eustacia,Pflieger,epfliegerny@cnet.com,epfliegerny
864,Doti,Pavinese,dpavinesenz@geocities.com,dpavinesenz
865,Bibbye,Reilly,breillyo0@booking.com,breillyo0
866,Caryn,Rosson,crossono1@hhs.gov,crossono1
867,Dionis,Coiley,dcoileyo2@free.fr,dcoileyo2
868,Brinna,Hallowes,bhalloweso3@linkedin.com,bhalloweso3
869,Annie,Shearwood,ashearwoodo4@google.co.uk,ashearwoodo4
870,Lula,Richter,lrichtero5@dedecms.com,lrichtero5
871,Eryn,Spikins,espikinso6@wikia.com,espikinso6
872,Ealasaid,Reavey,ereaveyo7@issuu.com,ereaveyo7
873,Cathie,Jancey,cjanceyo8@nationalgeographic.com,cjanceyo8
874,Bertrando,Glavis,bglaviso9@hp.com,bglaviso9
875,Phillida,Leyzell,pleyzelloa@nature.com,pleyzelloa
876,Mag,Dawkins,mdawkinsob@imdb.com,mdawkinsob
877,Dyna,Klimashevich,dklimashevichoc@smh.com.au,dklimashevichoc
878,Hallie,Schowenburg,hschowenburgod@plala.or.jp,hschowenburgod
879,Thomasine,Tremberth,ttremberthoe@mayoclinic.com,ttremberthoe
880,Jessie,Firth,jfirthof@4shared.com,jfirthof
881,Jeannie,Kuhnel,jkuhnelog@chicagotribune.com,jkuhnelog
882,Fransisco,Esselin,fesselinoh@miibeian.gov.cn,fesselinoh
883,Blinny,Kneel,bkneeloi@irs.gov,bkneeloi
884,Dallas,Dancey,ddanceyoj@yale.edu,ddanceyoj
885,Angie,Eriksson,aerikssonok@webmd.com,aerikssonok
886,Malvina,Bart,mbartol@unblog.fr,mbartol
887,Martie,Fitzroy,mfitzroyom@omniture.com,mfitzroyom
888,Neddie,Cheesworth,ncheesworthon@purevolume.com,ncheesworthon
889,Rodrigo,Calcott,rcalcottoo@issuu.com,rcalcottoo
890,Angil,Dubique,adubiqueop@tuttocitta.it,adubiqueop
891,Carlie,Cobello,ccobellooq@cbsnews.com,ccobellooq
892,Rosalynd,Wolpert,rwolpertor@google.ru,rwolpertor
893,Janenna,Bartosiak,jbartosiakos@squidoo.com,jbartosiakos
894,Jere,Paur,jpaurot@toplist.cz,jpaurot
895,Roy,Ingre,ringreou@merriam-webster.com,ringreou
896,Melisande,Beverage,mbeverageov@examiner.com,mbeverageov
897,Deloria,Jurisch,djurischow@toplist.cz,djurischow
898,Bran,de Voiels,bdevoielsox@cornell.edu,bdevoielsox
899,Karissa,Tarply,ktarplyoy@artisteer.com,ktarplyoy
900,Becky,Wetherburn,bwetherburnoz@ft.com,bwetherburnoz
901,Carmelle,Luckcock,cluckcockp0@opera.com,cluckcockp0
902,Celesta,Medd,cmeddp1@google.ca,cmeddp1
903,Barbi,Sedge,bsedgep2@dedecms.com,bsedgep2
904,Cull,Vautrey,cvautreyp3@people.com.cn,cvautreyp3
905,Regan,Vanyashkin,rvanyashkinp4@ow.ly,rvanyashkinp4
906,Traver,Scholard,tscholardp5@google.de,tscholardp5
907,Stormi,Bringloe,sbringloep6@squarespace.com,sbringloep6
908,Harmony,Wareham,hwarehamp7@msn.com,hwarehamp7
909,Helsa,Todhunter,htodhunterp8@amazonaws.com,htodhunterp8
910,Lennie,Blakeman,lblakemanp9@unc.edu,lblakemanp9
911,Marietta,Lydiatt,mlydiattpa@oakley.com,mlydiattpa
912,Laureen,Uttridge,luttridgepb@instagram.com,luttridgepb
913,Jillayne,Gosney,jgosneypc@pcworld.com,jgosneypc
914,Bernete,Arlow,barlowpd@cnbc.com,barlowpd
915,Jedediah,Hawford,jhawfordpe@google.de,jhawfordpe
916,Penelopa,Wank,pwankpf@mashable.com,pwankpf
917,Mollee,Zaczek,mzaczekpg@exblog.jp,mzaczekpg
918,Franni,Sinnie,fsinnieph@reddit.com,fsinnieph
919,Floyd,Panons,fpanonspi@1und1.de,fpanonspi
920,Gerty,Ceyssen,gceyssenpj@ted.com,gceyssenpj
921,Madeleine,Pieterick,mpieterickpk@t-online.de,mpieterickpk
922,Rhianna,Rolse,rrolsepl@reverbnation.com,rrolsepl
923,Osmund,Lippitt,olippittpm@usgs.gov,olippittpm
924,Durand,Rosa,drosapn@whitehouse.gov,drosapn
925,Herc,Colliss,hcollisspo@hhs.gov,hcollisspo
926,Claiborn,Pidduck,cpidduckpp@t-online.de,cpidduckpp
927,Eimile,Malshinger,emalshingerpq@si.edu,emalshingerpq
928,Meghann,Craister,mcraisterpr@reverbnation.com,mcraisterpr
929,Tynan,Wardroper,twardroperps@istockphoto.com,twardroperps
930,Terrijo,Mogenot,tmogenotpt@sun.com,tmogenotpt
931,Rhona,Piche,rpichepu@mit.edu,rpichepu
932,Shurlocke,Reape,sreapepv@irs.gov,sreapepv
933,Sascha,Ghest,sghestpw@arstechnica.com,sghestpw
934,Jefferson,Danilin,jdanilinpx@ning.com,jdanilinpx
935,Minnie,Wharrier,mwharrierpy@flavors.me,mwharrierpy
936,Hill,Rassmann,hrassmannpz@hostgator.com,hrassmannpz
937,Ruttger,Severwright,rseverwrightq0@quantcast.com,rseverwrightq0
938,Morten,Satteford,msattefordq1@marketwatch.com,msattefordq1
939,Lamond,Peake,lpeakeq2@histats.com,lpeakeq2
940,Diana,Keates,dkeatesq3@samsung.com,dkeatesq3
941,Corinna,Utting,cuttingq4@instagram.com,cuttingq4
942,Boycie,Giacobo,bgiacoboq5@mlb.com,bgiacoboq5
943,Simone,Mandal,smandalq6@histats.com,smandalq6
944,Betti,Hambrook,bhambrookq7@hud.gov,bhambrookq7
945,Corabel,Adnam,cadnamq8@networkadvertising.org,cadnamq8
946,Giorgio,Preshous,gpreshousq9@tinypic.com,gpreshousq9
947,Sibylle,Barwood,sbarwoodqa@is.gd,sbarwoodqa
948,Zuzana,Flaonier,zflaonierqb@cornell.edu,zflaonierqb
949,Elmore,Duggleby,edugglebyqc@state.tx.us,edugglebyqc
950,Fairlie,Allmark,fallmarkqd@ted.com,fallmarkqd
951,Erv,Dorgon,edorgonqe@cam.ac.uk,edorgonqe
952,Sal,McCaig,smccaigqf@edublogs.org,smccaigqf
953,Ceil,Laborda,clabordaqg@geocities.com,clabordaqg
954,Henderson,Fradson,hfradsonqh@imageshack.us,hfradsonqh
955,Willyt,Harby,wharbyqi@tamu.edu,wharbyqi
956,Adelle,Izzett,aizzettqj@walmart.com,aizzettqj
957,Elsi,German,egermanqk@pbs.org,egermanqk
958,Denis,Norkutt,dnorkuttql@arizona.edu,dnorkuttql
959,Ganny,Spilsburie,gspilsburieqm@nytimes.com,gspilsburieqm
960,Alaric,Pettegree,apettegreeqn@wp.com,apettegreeqn
961,Samson,Bizzey,sbizzeyqo@reddit.com,sbizzeyqo
962,Morry,Pepler,mpeplerqp@constantcontact.com,mpeplerqp
963,Guthrie,Gorse,ggorseqq@salon.com,ggorseqq
964,Greer,Kither,gkitherqr@liveinternet.ru,gkitherqr
965,Woodie,Mayward,wmaywardqs@360.cn,wmaywardqs
966,Malvina,Cromb,mcrombqt@deviantart.com,mcrombqt
967,Arleta,Rosenzveig,arosenzveigqu@ted.com,arosenzveigqu
968,Duff,Broy,dbroyqv@digg.com,dbroyqv
969,Iona,Suermeiers,isuermeiersqw@sourceforge.net,isuermeiersqw
970,Gram,Wolstencroft,gwolstencroftqx@shop-pro.jp,gwolstencroftqx
971,Haslett,Wodeland,hwodelandqy@cisco.com,hwodelandqy
972,Demetri,Gourdon,dgourdonqz@wordpress.org,dgourdonqz
973,Marinna,Gut,mgutr0@go.com,mgutr0
974,Gamaliel,Matisse,gmatisser1@ow.ly,gmatisser1
975,Sharline,Jarratt,sjarrattr2@fc2.com,sjarrattr2
976,Lorena,Wignall,lwignallr3@alexa.com,lwignallr3
977,Arne,Sainz,asainzr4@taobao.com,asainzr4
978,Janelle,Floyd,jfloydr5@google.pl,jfloydr5
979,Issy,Shepherd,ishepherdr6@microsoft.com,ishepherdr6
980,Martita,Espasa,mespasar7@redcross.org,mespasar7
981,Kennett,Crilly,kcrillyr8@weibo.com,kcrillyr8
982,Twila,Undrell,tundrellr9@ning.com,tundrellr9
983,Gunther,Iredale,giredalera@google.com.hk,giredalera
984,Ulrick,Lonsbrough,ulonsbroughrb@latimes.com,ulonsbroughrb
985,Hugues,Doog,hdoogrc@ustream.tv,hdoogrc
986,Simon,Alywen,salywenrd@microsoft.com,salywenrd
987,Orion,Dhennin,odhenninre@twitpic.com,odhenninre
988,Ede,Oakeby,eoakebyrf@google.nl,eoakebyrf
989,Layney,Grimditch,lgrimditchrg@t-online.de,lgrimditchrg
990,Suzanna,Buy,sbuyrh@edublogs.org,sbuyrh
991,Guido,Drinkel,gdrinkelri@gizmodo.com,gdrinkelri
992,Saleem,Mingardi,smingardirj@time.com,smingardirj
993,Hazel,Wackley,hwackleyrk@canalblog.com,hwackleyrk
994,Herman,Richmont,hrichmontrl@adobe.com,hrichmontrl
995,Christophorus,Sighart,csighartrm@arizona.edu,csighartrm
996,Gerardo,Maciak,gmaciakrn@yellowpages.com,gmaciakrn
997,Carrie,Worts,cwortsro@nationalgeographic.com,cwortsro
998,Helenka,Girkin,hgirkinrp@salon.com,hgirkinrp
999,Nancie,Larmour,nlarmourrq@dagondesign.com,nlarmourrq
1000,Melinda,Bruce,mbrucerr@ed.gov,mbrucerr
